"Sample.ID","TA","Mass"
"20190126_T0",2014.81562337506,60.2448
"20190131_T2",2005.84194783043,60.6424
"20190131_2B",2005.87685676022,60.5418
"20190131_T3",2005.94331045088,59.9974
"20190131_1B",2018.33674247657,60.4124
"20190131_4B",2007.72325804125,60.6286
"20190131_3B",2006.38488580585,60.6416
"20190130_T3",2016.07114934011,60.8506
"20190130_T1",2013.58066182701,60.4634
