"Sample.ID","TA","Mass"
"20190203_T3",1977.64028457397,60.2807
"20190203_T2",1976.44188075577,60.1437
"20190203_T1",1975.99995528029,60.9412
"20190203_T0",1978.68596029247,60.6399
"20190202_T3",1996.88988161491,59.368
"20190202_T2",1995.05509011393,59.507
"20190202_T0",1994.72789070934,59.9845
"20190202_T1",1995.09318697742,60.9108
"20190127_T3",2020.2089686479,60.9883
