"Sample.ID","TA","Mass"
"20190203_JUNK",2146.6586737884,59.0504
"20190203_CRM1",2202.28145075733,59.1301
"20190203_CRM2",2196.57638583575,59.293
