"Sample.ID","TA","Mass"
"201900331_JUNK",2212.28761426025,59.5379
"201900331_CRM1",2222.4906455891,59.1345
"201900331_CRM2",2219.99823196193,59.0634
