"Sample.ID","TA","Mass"
"20190125_JUNK",2140.41482521506,60.6699
"20190125_CRM1",2202.25209885161,59.0226
"20190125_CRM2",2200.94339147923,59.2539
