"Sample.ID","TA","Mass"
"20190408_JUNK",2207.91844886155,59.9488
"20190408_CRM1",2213.66340275924,59.1162
"20190408_CRM2",2202.78820058871,59.228
