"Sample.ID","TA","Mass"
"20190408_H6",2029.01179549899,60.278
"20190408_H8",2028.38715682907,60.9347
