"Sample.ID","TA","Mass"
"20190209_JUNK",2167.70058363583,59.6028
"20190209_CRM1",2205.40569019251,59.6534
"20190209_CRM2",2201.06362235423,59.1352
