"Sample.ID","TA","Mass"
"20190128_1B",2052.60556142439,60.3917
"20190128_2B",2034.63356549905,60.816
"20190128_3B",2027.11453391038,59.3404
"20190128_4B",2026.68000183048,60.4211
"20190128_5B",2046.33820931977,60.4027
"20190128_T0",2012.11006662014,59.7315
"20190128_T1",2011.18183628694,60.6507
"20190128_T2",2031.5571979603,60.3149
"20190128_T3",2027.29130112856,60.7046
