"Sample.ID","TA","Mass"
"20190128_JUNK",2145.68987243586,59.538
"20190128_CRM1",2203.76000818612,59.0974
"20190128_CRM2",2200.86865422051,59.1136
