"Sample.ID","TA","Mass"
"20190319_JUNK",2198.64060889713,60.9199
"20190319_CRM1",2229.8895882654,59.317
"20190319_CRM2",2221.90949843304,59.2061
