"Sample.ID","TA","Mass"
"20190201_JUNK",2142.29410711914,59.997
"20190201_CRM1",2202.17155015212,59.7003
"20190201_CRM2",2203.58579237332,59.0668
