"Sample.ID","TA","Mass"
"20190223_JUNK",2176.51428252097,59.4898
"20190223_CRM1",2218.63771269108,59.1399
"20190223_CRM2",2219.6564943593,59.1568
