"Sample.ID","TA","Mass"
"201900404_JUNK",2216.68255214469,59.1857
"201900404_CRM1",2221.07586129969,59.1084
"201900404_CRM2",2221.59976612438,59.2015
