Sample.ID,TA,Mass
20190218_JUNK,2162.866702,60.0942
20190218_CRM1,2211.151235,59.2631
20190218_CRM2,2216.359272,59.503
