"Sample.ID","TA","Mass"
"20190121_JUNK",2147.04213263226,59.4787
"20190121_CRM1",2205.44183943361,59.2081
"20190121_CRM2",2202.44685758068,59.0664
