"Sample.ID","TA","Mass"
"20190121_T0",2007.5021844549,60.434
"20190121_T1",2002.1349532608,60.8781
"20190121_T2",2000.44431715505,60.0537
"20190121_T3",2003.5560793355,59.9826
