"Sample.ID","TA","Mass"
"20190205_JUNK",2158.58552780911,59.8541
"20190205_CRM1",2200.84396844187,59.1232
"20190205_CRM2",2200.66195474074,59.2253
